id,full_name,name,type_id,type,wine_region,winery,winery_region,country,ratings_count,ratings_average,alcohol,acidity,fizziness,intensity,sweetness,tannin,url
9310964,Precision District Series Cabernet Sauvignon,District Series Cabernet Sauvignon,1,Red Wine,Rutherford,Precision,Napa Valley,United States,14,3.9,14.5,3.3956,,4.8375998,1.4582001,3.8839998,https://www.vivino.com/GB/en/precision-district-series-cabernet-sauvignon-rutherford/w/9310964
9311194,Veuve Sainte Dorée Réserve Champagne Grand Cru,Réserve Champagne Grand Cru,3,Sparkling,Champagne Grand Cru,Veuve Sainte Dorée,Champagne,France,14,3.6,12.5,4.5984616,3.4384618,3.8753846,,,https://www.vivino.com/GB/en/veuve-sainte-doree-reserve-champagne-grand-cru/w/9311194
9311359,Hook or Crook Reserve Field Blend,Reserve Field Blend,1,Red Wine,Lodi,Hook or Crook,Napa Valley,United States,196,3.7,13.9,3.3272328,,4.3205657,1.7507232,2.9156604,https://www.vivino.com/GB/en/hook-or-crook-reserve-field-blend/w/9311359
9313256,Schwedhelm Zellertal Limestone Riesling,Limestone Riesling,2,White Wine,Pfalz,Schwedhelm Zellertal,Pfalz,Germany,32,4.1,0.0,4.9790773,,2.9215384,1.0523077,,https://www.vivino.com/GB/en/schwedhelm-zellertal-limestone-riesling/w/9313256
9313303,Musa Noctuaria Tempranillo - Garnacha,Tempranillo - Garnacha,1,Red Wine,Vino de España,Musa Noctuaria,Vino de España,Spain,183,3.8,0.0,3.0517008,,3.8743534,1.2738096,2.8415647,https://www.vivino.com/GB/en/musa-noctuaria-tempranillo-garnacha/w/9313303
9313305,Laguna di Mare Verdicchio dei Castelli di Jesi Classico Superiore,Verdicchio dei Castelli di Jesi Classico Superiore,2,White Wine,Verdicchio dei Castelli di Jesi,Laguna di Mare,Verdicchio dei Castelli di Jesi,Italy,33,3.6,0.0,4.0958066,,2.8048387,1.9432257,,https://www.vivino.com/GB/en/laguna-di-mare-verdicchio-dei-castelli-di-jesi-classico-superiore/w/9313305
9313457,Château Virac Bordeaux,Bordeaux,1,Red Wine,Bordeaux,Château Virac,Bordeaux Supérieur,France,11,3.5,0.0,4.0,,4.0,1.0,4.0,https://www.vivino.com/GB/en/chateau-virac-bordeaux/w/9313457
9313541,J. de Villebois Cuvée Parcellaire Sancerre Blanc 'Les Bouffants',Cuvée Parcellaire Sancerre Blanc 'Les Bouffants',2,White Wine,Sancerre,J. de Villebois,Upper Loire,France,36,4.1,0.0,4.0,,2.0876923,1.0,,https://www.vivino.com/GB/en/j-de-villebois-cuvee-parcellaire-sancerre-blanc-les-bouffants/w/9313541
9313964,Kaapzicht Danie Steytler Pinotage,Danie Steytler Pinotage,1,Red Wine,Stellenbosch,Kaapzicht,Stellenbosch,South Africa,43,4.4,0.0,2.9830987,,4.0295777,1.6347889,3.446197,https://www.vivino.com/GB/en/kaapzicht-danie-steytler-pinotage/w/9313964
9314017,Nobel Chile Serafines Reserve Carménère,Serafines Reserve Carménère,1,Red Wine,Rapel Valley,Nobel Chile,Rapel Valley,Chile,58,3.5,13.5,3.2922854,,3.5788572,1.8325715,2.9251428,https://www.vivino.com/GB/en/nobel-chile-serafines-reserve-carmenere/w/9314017
9314036,Maître-de-Chai Red Blend,Red Blend,1,Red Wine,Clements Hills,Maître-de-Chai,California,United States,12,4.0,0.0,4.0,,4.7925925,1.0,4.0144444,https://www.vivino.com/GB/en/us-maitre-de-chai-red-blend/w/9314036
9314110,Charles Noëllat Gevrey Chambertin Premier Cru,Gevrey Chambertin Premier Cru,1,Red Wine,Gevrey-Chambertin Premier Cru,Charles Noëllat,Côte de Nuits,France,12,3.7,0.0,4.526053,,3.2592106,1.225,2.8176315,https://www.vivino.com/GB/en/charles-noellat-gevrey-chambertin-premier-cru/w/9314110
9316679,John Calvin Esq. Single Origin Chenin Blanc,Single Origin Chenin Blanc,2,White Wine,Swartland,John Calvin Esq.,Swartland,South Africa,67,3.8,0.0,4.529111,,2.7342222,1.2391112,,https://www.vivino.com/GB/en/john-calvin-esq-single-origin-chenin-blanc/w/9316679
9316696,Herdade da Pimenta Colheita Tinto,Colheita Tinto,1,Red Wine,Alentejano,Herdade da Pimenta,Alentejano,Portugal,24,4.1,14.0,3.0,,4.3088236,1.4961765,3.3952942,https://www.vivino.com/GB/en/herdade-da-pimenta-colheita-tinto/w/9316696
9316727,Conti Uttieri Bucellario Primitivo di Manduria,Bucellario Primitivo di Manduria,1,Red Wine,Primitivo di Manduria,Conti Uttieri,Fiano de Avellino,Italy,726,3.7,14.0,2.428,,3.48032,2.90832,2.67744,https://www.vivino.com/GB/en/conti-uttieri-bucellario-primitivo-di-manduria/w/9316727
9316971,Luis Pato Vinha Barrosa Monopolio,Vinha Barrosa Monopolio,1,Red Wine,Bairrada,Luis Pato,Beiras,Portugal,15,3.9,12.5,3.2025397,,4.0365076,1.0,4.0255556,https://www.vivino.com/GB/en/luis-pato-vinha-barrosa-monopolio/w/9316971
9321417,The Latin Root Chardonnay,Chardonnay,2,White Wine,Catalunya,The Latin Root,Vino de España,Spain,12,3.8,12.1,3.1333334,,2.9199998,1.0,,https://www.vivino.com/GB/en/the-latin-root-chardonnay/w/9321417
9321503,Ferracane Guancianera Avulisi,Guancianera Avulisi,1,Red Wine,Terre Siciliane,Ferracane,Terre Siciliane,Italy,14,3.6,13.0,2.0076923,,4.5153847,2.126923,3.4730768,https://www.vivino.com/GB/en/ferracane-guancianera-avulisi/w/9321503
9321583,Paloma de Plata Monastrell,Monastrell,1,Red Wine,Jumilla,Paloma de Plata,Valencia,Spain,16,3.3,13.8,3.5,,3.5,1.0,4.5275674,https://www.vivino.com/GB/en/paloma-de-plata-monastrell/w/9321583
9321689,Fifth Note Cellars Merlot - Cabernet Sauvignon - Zinfandel,Merlot - Cabernet Sauvignon - Zinfandel,1,Red Wine,Mendocino County,Fifth Note Cellars,California,United States,22,3.7,0.0,4.0,,4.46,1.4434147,3.7943904,https://www.vivino.com/GB/en/fifth-note-cellars-merlot-cabernet-sauvignon-zinfandel/w/9321689
9321703,Rosa da Mata Fernão Pires,Fernão Pires,2,White Wine,Beira Interior,Rosa da Mata,Dão,Portugal,14,4.4,0.0,3.685,,3.0375,1.2099999,,https://www.vivino.com/GB/en/rosa-da-mata-fernao-pires/w/9321703
9321892,Le Temps des Récoltes Bordeaux,Bordeaux,1,Red Wine,Bordeaux,Le Temps des Récoltes,Bordeaux,France,111,3.7,0.0,3.654,,3.8971765,1.208,3.7601335,https://www.vivino.com/GB/en/le-temps-des-recoltes-bordeaux/w/9321892
9321974,My Pretty Pinot Pinot Noir,Pinot Noir,1,Red Wine,Monterey,My Pretty Pinot,Monterey,United States,31,4.0,0.0,3.1914814,,2.7985184,1.0251852,1.9748148,https://www.vivino.com/GB/en/my-pretty-pinot-pinot-noir/w/9321974
9322292,Andrew Will Two Blondes Vineyard Cabernet Sauvignon,Two Blondes Vineyard Cabernet Sauvignon,1,Red Wine,Yakima Valley,Andrew Will,Columbia Valley,United States,12,3.7,14.0,4.1073914,,4.0,1.26,4.556522,https://www.vivino.com/GB/en/andrew-will-cellars-two-blondes-vineyard-cabernet-sauvignon/w/9322292
9322354,Zero8 Aleatium,Aleatium,1,Red Wine,Lazio,Zero8,Lazio,Italy,15,4.5,14.0,3.0,,3.0,1.0,3.0,https://www.vivino.com/GB/en/zero8-135204-aleatium/w/9322354
9322471,Sébastien Riffault Auksinis Maceration Sancerre,Auksinis Maceration Sancerre,2,White Wine,Sancerre,Sébastien Riffault,Loire Valley,France,13,4.6,0.0,4.0,,2.0,1.0,,https://www.vivino.com/GB/en/etienne-et-sebastien-riffault-auksinis-maceration-sancerre/w/9322471
9325130,Viña Salas y Gómez Sauvignon Blanc,Sauvignon Blanc,2,White Wine,Central Valley,Viña Salas y Gómez,Central Valley,Chile,66,3.9,0.0,4.042857,,3.1697621,1.3838094,,https://www.vivino.com/GB/en/vina-salas-y-gomez-sauvignon-blanc/w/9325130
9325408,Cantina di Castelnuovo del Garda Pinot Grigio delle Venezie,Pinot Grigio delle Venezie,2,White Wine,delle Venezie,Cantina di Castelnuovo del Garda,Veneto,Italy,29,3.2,0.0,2.2517242,,2.7827585,1.5,,https://www.vivino.com/GB/en/castelnuovo-del-garda-pinot-grigio-delle-venezie/w/9325408
9325514,Château l'Esparrou Solaris Orange,Solaris Orange,4,Rosé Wine,Languedoc-Roussillon,Château l'Esparrou,Languedoc-Roussillon,France,19,3.4,0.0,3.5652175,,3.0,1.0,,https://www.vivino.com/GB/en/esparrou-solaris-orange/w/9325514
9325560,Mount Rozier Estate Earth Vine & Sun Sauvignon Blanc,Earth Vine & Sun Sauvignon Blanc,2,White Wine,Stellenbosch,Mount Rozier Estate,Stellenbosch,South Africa,13,3.3,0.0,4.0,,2.2627118,1.0,,https://www.vivino.com/GB/en/mount-rozier-estate-earth-vine-sun-sauvignon-blanc/w/9325560
9325718,The Feather Pluckers Daughter Merlot,Merlot,1,Red Wine,South Eastern Australia,The Feather Pluckers Daughter,South Eastern Australia,Australia,54,3.7,13.6,1.9666667,,3.950222,1.066,2.0364444,https://www.vivino.com/GB/en/the-feather-pluckers-daughter-merlot/w/9325718
9325751,Cathedral Creek Winemaker's Selection Cabernet Sauvignon,Winemaker's Selection Cabernet Sauvignon,1,Red Wine,California,Cathedral Creek,California,United States,19,4.1,0.0,3.0,,4.9612904,1.3580644,3.9096773,https://www.vivino.com/GB/en/cathedral-creek-winemaker-s-selection-cabernet-sauvignon-california/w/9325751
9325779,Scribe Atlas Peak West Cabernet Sauvignon,Atlas Peak West Cabernet Sauvignon,1,Red Wine,Atlas Peak,Scribe,North Coast,United States,23,4.7,14.0,3.3588235,,5.0,1.0988235,3.6702354,https://www.vivino.com/GB/en/scribe-atlas-peak-west-cabernet-sauvignon/w/9325779
9325804,Duval-Leroy Blanc de Noirs Grand Brut Champagne,Blanc de Noirs Grand Brut Champagne,3,Sparkling,Champagne,Duval-Leroy,Champagne,France,22,3.6,0.0,4.214186,4.450775,3.908527,,,https://www.vivino.com/GB/en/champagne-duval-leroy-blanc-de-noirs-grand-brut-champagne/w/9325804
9325828,Château les Carmes Haut-Brion Le C des Carmes Haut-Brion,Le C des Carmes Haut-Brion,1,Red Wine,Pessac-Léognan,Château les Carmes Haut-Brion,Pessac-Léognan,France,579,3.8,13.5,4.284299,,4.1713376,1.6672293,4.4832163,https://www.vivino.com/GB/en/chateau-les-carmes-haut-brion-le-c-des-carmes-haut-brion/w/9325828
9325964,Delta Brut Rosé,Brut Rosé,3,Sparkling,California,Delta,California,United States,10,3.8,11.5,3.0,4.0,4.0,,,https://www.vivino.com/GB/en/delta-california-brut-rose/w/9325964
9326277,Capisco Pinot Grigio,Pinot Grigio,2,White Wine,Veneto,Capisco,Veneto,Italy,21,3.7,12.5,2.874706,,3.2635295,1.4958824,,https://www.vivino.com/GB/en/capisco-pinot-grigio/w/9326277
9327399,Penfolds Quantum Bin 98 Wine Of The World Cabernet Sauvignon,Quantum Bin 98 Wine Of The World Cabernet Sauvignon,1,Red Wine,Napa Valley,Penfolds,South Australia,Australia,12,4.5,14.5,3.375,,5.0,1.75,3.75,https://www.vivino.com/GB/en/penfolds-quantum-bin-98-wine-of-the-world-cabernet-sauvignon/w/9327399
9327402,Penfolds Bin 149 Wine Of The World Cabernet Sauvignon,Bin 149 Wine Of The World Cabernet Sauvignon,1,Red Wine,Napa Valley,Penfolds,South Australia,Australia,33,4.4,14.7,3.5981722,,4.4734406,1.3034409,3.669785,https://www.vivino.com/GB/en/penfolds-bin-149-wine-of-the-world-cabernet-sauvignon/w/9327402
9327403,Penfolds Bin 704 Cabernet Sauvignon,Bin 704 Cabernet Sauvignon,1,Red Wine,Napa Valley,Penfolds,South Australia,Australia,54,4.3,14.5,3.424253,,4.614483,1.6668199,3.649655,https://www.vivino.com/GB/en/penfolds-bin-704-cabernet-sauvignon/w/9327403
9327404,Penfolds Bin 600 Cabernet Sauvignon - Shiraz,Bin 600 Cabernet Sauvignon - Shiraz,1,Red Wine,California,Penfolds,South Australia,Australia,47,4.3,14.5,3.8801816,,4.635491,1.475818,3.7318182,https://www.vivino.com/GB/en/penfolds-bin-600-cabernet-sauvignon-shiraz/w/9327404
9327469,Alvaro Cristobal Garnacha,Garnacha,1,Red Wine,Vino de España,Alvaro Cristobal,Dão,Portugal,23,3.3,13.95,3.0,,5.0,1.0,3.1784616,https://www.vivino.com/GB/en/alvaro-cristobal-garnacha/w/9327469
9327493,Chatelet Bonheur Cabernet Sauvignon,Cabernet Sauvignon,1,Red Wine,Pays d'Oc,Chatelet Bonheur,Pays d'Oc,France,14,3.7,14.1,4.052381,,4.0,1.5919048,3.9214284,https://www.vivino.com/GB/en/chatelet-bonheur-cabernet-sauvignon/w/9327493
9327503,Il Papavero Prosecco Rosé Brut,Prosecco Rosé Brut,3,Sparkling,Prosecco,Il Papavero,Terre Siciliane,Italy,24,3.9,11.5,3.6060562,3.3070424,2.0,,,https://www.vivino.com/GB/en/il-papavero-prosecco-rose-brut/w/9327503
9327540,Gearhead Wines Lockdown Pinot Noir,Lockdown Pinot Noir,1,Red Wine,Sonoma Coast,Gearhead Wines,Madera,United States,12,3.8,14.4,3.5636365,,3.0,1.1818181,1.9090909,https://www.vivino.com/GB/en/gearhead-wines-lockdown-pinot-noir/w/9327540
9327634,Vichingo Violet Swell,Violet Swell,1,Red Wine,Sonoma County,Vichingo,Costa Toscana,Italy,16,4.2,12.0,4.0144644,,4.271964,1.4596428,3.7235715,https://www.vivino.com/GB/en/vichingo-violet-swell/w/9327634
9327670,Gruber Röschitz Bergh Selection Pinot Noir,Bergh Selection Pinot Noir,1,Red Wine,Niederösterreich,Gruber Röschitz,Niederösterreich,Austria,45,3.2,12.5,4.1245456,,2.6172729,1.2863636,1.9427272,https://www.vivino.com/GB/en/ewald-gruber-bergh-selection-pinot-noir/w/9327670
9327707,Beauty in Chaos Riesling,Riesling,2,White Wine,Washington,Beauty in Chaos,Columbia Valley,United States,10,3.7,0.0,4.0,,3.0,1.0,,https://www.vivino.com/GB/en/beauty-in-chaos-riesling/w/9327707
9328087,Delicato Three Finger Jack Old Vine Zinfandel,Three Finger Jack Old Vine Zinfandel,1,Red Wine,Lodi,Delicato,Sierra Foothills,United States,241,4.2,0.0,1.8678125,,4.7435155,2.8053126,2.33375,https://www.vivino.com/GB/en/delicato-family-vineyards-three-finger-jack-old-vine-zinfandel/w/9328087
9328450,Hacienda Albae Alsón Merlot,Alsón Merlot,1,Red Wine,Castilla,Hacienda Albae,La Mancha,Spain,14,4.1,14.5,2.0,,4.0,1.5185186,2.5,https://www.vivino.com/GB/en/hacienda-albae-alson-merlot/w/9328450
9328464,Werlitsch Vom Opok Sauvignon Blanc,Vom Opok Sauvignon Blanc,2,White Wine,Weinland,Werlitsch,Steirerland,Austria,16,4.3,13.5,3.8043478,,1.9752175,1.0,,https://www.vivino.com/GB/en/werlitsch-vom-opok-sauvignon-blanc/w/9328464
9329701,McClean Vineyards Love Red Blend,Love Red Blend,1,Red Wine,Paso Robles,McClean Vineyards,Central Coast,United States,17,3.3,0.0,4.0,,5.0,1.1666666,4.011667,https://www.vivino.com/GB/en/mcclean-vineyards-love-red-blend/w/9329701
9329733,Bellussi Prosecco Rosè,Prosecco Rosè,3,Sparkling,Prosecco,Bellussi,Veneto,Italy,23,4.0,0.0,4.0,4.0,2.0,,,https://www.vivino.com/GB/en/bellussi-prosecco-rose/w/9329733
9329938,Sun Garden Sauvignon Blanc Trocken,Sauvignon Blanc Trocken,2,White Wine,Pfalz,Sun Garden,Mosel,Germany,60,3.6,0.0,4.347391,,2.0652175,1.0,,https://www.vivino.com/GB/en/sun-garden-sauvignon-blanc-trocken/w/9329938
9330045,Matthews Reserve Cuvée,Reserve Cuvée,1,Red Wine,Columbia Valley,Matthews,Washington,United States,13,4.6,14.6,3.5729868,,3.7142856,1.6999999,3.4857142,https://www.vivino.com/GB/en/matthews-reserve-cuvee/w/9330045
9330339,Ryer Estate Sauvignon Blanc,Sauvignon Blanc,2,White Wine,California,Ryer Estate,California,United States,26,4.1,0.0,4.0,,2.4780488,1.0,,https://www.vivino.com/GB/en/ryer-estate-sauvignon-blanc/w/9330339
9330400,B Wise Wisdom Cabernet Sauvignon,Wisdom Cabernet Sauvignon,1,Red Wine,Napa County,B Wise,Sonoma County,United States,10,4.2,0.0,2.4791837,,4.8697963,1.0769387,3.3785715,https://www.vivino.com/GB/en/b-wise-wisdom-cabernet-sauvignon/w/9330400
9330757,Brume Saline GSM,GSM,1,Red Wine,Pays d'Oc,Brume Saline,Pays d'Oc,France,39,3.7,14.0,3.2619753,,3.5255556,1.4744444,3.3523457,https://www.vivino.com/GB/en/brume-saline-gsm/w/9330757
9332110,Vulcani d'Italia Aglianico del Vulture,Aglianico del Vulture,1,Red Wine,Aglianico del Vulture,Vulcani d'Italia,Etna,Italy,86,3.6,0.0,2.8535354,,3.865017,2.0914478,3.298081,https://www.vivino.com/GB/en/vulcani-d-italia-aglianico-del-vulture/w/9332110
9332255,Marie Howard Wines Pinot Noir,Pinot Noir,1,Red Wine,Sonoma County,Marie Howard Wines,Napa County,United States,11,4.1,13.5,3.5,,3.0,1.0,2.0,https://www.vivino.com/GB/en/marie-howard-wines-pinot-noir/w/9332255
9332518,The Latin Root Tempranillo,Tempranillo,1,Red Wine,La Mancha,The Latin Root,Vino de España,Spain,41,3.8,13.4,2.8144827,,4.021724,1.7862068,3.6462069,https://www.vivino.com/GB/en/the-latin-root-tempranillo/w/9332518
9332644,Cellar 99 Riesling,Riesling,2,White Wine,Niederösterreich,Cellar 99,Niederösterreich,Austria,23,3.3,12.5,5.0,,3.5,1.0,,https://www.vivino.com/GB/en/cellar-99-riesling/w/9332644
9332987,DiamAndes Diamandina Malbec,Diamandina Malbec,1,Red Wine,Uco Valley,DiamAndes,Uco Valley,Argentina,1189,3.6,14.5,3.0371847,,3.5125227,2.2468174,3.1228197,https://www.vivino.com/GB/en/ar-diamandes-diamandina-malbec-valle-de-uco-red-wine-v/w/9332987
9333205,Land of Saints GSM,GSM,1,Red Wine,Santa Barbara County,Land of Saints,Santa Barbara County,United States,13,3.5,14.0,3.5,,5.0,1.0,4.0,https://www.vivino.com/GB/en/land-saints-gsm-santa-barbara-county/w/9333205
9334640,Golden Circle Chardonnay,Chardonnay,2,White Wine,California,Golden Circle,California,United States,11,3.8,0.0,3.0,,4.95,2.63125,,https://www.vivino.com/GB/en/golden-circle-chardonnay/w/9334640
9335092,Bastioni della Rocca Leggero Appassimento Puglia,Leggero Appassimento Puglia,1,Red Wine,Puglia,Bastioni della Rocca,Puglia,Italy,325,4.0,0.0,2.299306,,3.869062,3.5267541,2.6060786,https://www.vivino.com/GB/en/bastioni-della-rocca-leggero-appassimento-puglia/w/9335092
9335907,Akiyoshi Reserve Barrel Aged Pinot Noir,Reserve Barrel Aged Pinot Noir,1,Red Wine,California,Akiyoshi,California,United States,18,4.1,0.0,3.508,,3.018,1.4831429,2.052,https://www.vivino.com/GB/en/akiyoshi-reserve-barrel-aged-pinot-noir/w/9335907
9338847,Chatelet Bonheur Cabernet Franc,Cabernet Franc,1,Red Wine,Pays d'Oc,Chatelet Bonheur,Pays d'Oc,France,14,3.7,14.5,4.0,,3.9533331,1.0,4.033704,https://www.vivino.com/GB/en/chatelet-bonheur-cabernet-franc/w/9338847
9339266,Sumarroca Nostrat Noir de Noirs,Nostrat Noir de Noirs,1,Red Wine,Penedès,Sumarroca,Penedès,Spain,23,3.6,13.0,3.0920928,,3.3169768,1.9593023,3.038372,https://www.vivino.com/GB/en/sumarroca-nostrat-noir-de-noirs/w/9339266
9339852,Ripper Black Label Reserve Red Blend,Black Label Reserve Red Blend,1,Red Wine,South Eastern Australia,Ripper,Murray Darling,Australia,12,4.3,13.5,3.9041934,,5.0,1.2412903,3.5174193,https://www.vivino.com/GB/en/ripper-black-label-reserve-red-blend/w/9339852
9340189,Matchlock Merlot,Merlot,1,Red Wine,Paso Robles,Matchlock,California,United States,38,4.0,13.6,1.7199999,,3.9790475,1.7304761,1.942381,https://www.vivino.com/GB/en/matchlock-merlot/w/9340189
9342083,W & R Wines Utrecht Vaccine,Utrecht Vaccine,1,Red Wine,Ahr,W & R Wines,Ahr,Germany,12,4.1,13.0,4.5,,1.0,1.0,2.0,https://www.vivino.com/GB/en/w-r-wines-utrecht-vaccine/w/9342083
9342670,Botter The True Zin Zinfandel,The True Zin Zinfandel,1,Red Wine,Puglia,Botter,Veneto,Italy,13,4.1,14.0,1.5,,4.0,2.5,1.9112903,https://www.vivino.com/GB/en/botter-the-true-zin-zinfandel/w/9342670
9342816,Pure Nadia's Winemaker's Special Reserve Shiraz - Cabernet,Nadia's Winemaker's Special Reserve Shiraz - Cabernet,1,Red Wine,Coastal Region,Pure,Coastal Region,South Africa,10,4.1,0.0,3.0859323,,4.5,1.0991526,3.5661016,https://www.vivino.com/GB/en/pure-nadia-s-winemaker-s-special-reserve-shiraz-cabernet/w/9342816
9342842,Azienda Vitivinicola Cardedu Bucce Bianco,Bucce Bianco,2,White Wine,Sardegna,Azienda Vitivinicola Cardedu,Sardegna,Italy,22,3.9,0.0,2.5885713,,3.9085715,1.0,,https://www.vivino.com/GB/en/cardedu-bucce-bianco/w/9342842
9342884,Borrasca Prosecco Rosé,Prosecco Rosé,3,Sparkling,Prosecco,Borrasca,Cava,Spain,28,4.2,11.0,3.8930335,3.9286516,1.9559549,,,https://www.vivino.com/GB/en/borrasca-cava-prosecco-rose/w/9342884
9342958,Antica Villa delle Rose Pinot Grigio,Pinot Grigio,2,White Wine,Veneto,Antica Villa delle Rose,Bardolino Chiaretto,Italy,38,3.7,0.0,2.3962963,,3.0,1.5,,https://www.vivino.com/GB/en/antica-villa-delle-rose-pinot-grigio/w/9342958
9342971,Laurent Bagnol L Cévennes,L Cévennes,1,Red Wine,Cevennes,Laurent Bagnol,Languedoc-Roussillon,France,20,3.9,13.0,4.032162,,4.0,1.2113514,3.8851352,https://www.vivino.com/GB/en/laurent-bagnol-l-cevennes/w/9342971
9343241,Vieil Armand Sélection Gewürztraminer,Sélection Gewürztraminer,2,White Wine,Alsace,Vieil Armand,Alsace,France,15,3.4,14.0,2.17375,,4.014375,2.5766666,,https://www.vivino.com/GB/en/vieil-armand-selection-gewurztraminer/w/9343241
9343454,Roberto Sarotto Collezione Barolo,Collezione Barolo,1,Red Wine,Barolo,Roberto Sarotto,Piemonte,Italy,18,3.8,0.0,4.980645,,3.9935484,1.1212904,5.0,https://www.vivino.com/GB/en/roberto-sarotto-collezione-barolo/w/9343454
9347486,Highlands 41 Black Granite Red Blend (Darkness),Black Granite Red Blend (Darkness),1,Red Wine,Paso Robles,Highlands 41,Paso Robles,United States,332,4.0,14.5,3.570093,,4.4379034,1.6989053,3.517347,https://www.vivino.com/GB/en/highlands-41-black-granite-red-blend/w/9347486
9347939,Estevez Reserva Merlot,Reserva Merlot,1,Red Wine,Central Valley,Estevez,Maule Valley,Chile,18,3.4,0.0,1.4596721,,3.865574,1.4932786,1.5806557,https://www.vivino.com/GB/en/cl-estevez-reserva-merlot/w/9347939
9347959,Polini Prosecco,Prosecco,3,Sparkling,Prosecco di Treviso,Polini,Lombardia,Italy,12,3.7,11.0,4.0,4.0,2.0,,,https://www.vivino.com/GB/en/polini-prosecco/w/9347959
9348165,Scout & Cellar Gallivant Red,Gallivant Red,1,Red Wine,Mendocino County,Scout & Cellar,Provence,France,18,3.9,14.0,4.0,,5.0,1.4433334,3.644815,https://www.vivino.com/GB/en/scout-cellar-gallivant-red-mendocino-county/w/9348165
9348311,Puglia Pop Luminaria Primitivo di Manduria,Luminaria Primitivo di Manduria,1,Red Wine,Primitivo di Manduria,Puglia Pop,Puglia,Italy,25,4.9,14.5,1.5764285,,4.0135717,2.5664287,1.9742857,https://www.vivino.com/GB/en/puglia-pop-luminaria-primitivo-di-manduria/w/9348311
9350146,Marks & Spencer Classics No.7 Vinho Verde,Classics No.7 Vinho Verde,2,White Wine,Vinho Verde,Marks & Spencer,Pays d'Oc,France,15,3.8,0.0,4.314545,,1.5381818,1.2345455,,https://www.vivino.com/GB/en/gb-marks-spencer-classics-no-7-vinho-verde/w/9350146
9350154,Bricco Gaiano Barbera d'Asti Superiore,Barbera d'Asti Superiore,1,Red Wine,Barbera d'Asti,Bricco Gaiano,Abruzzo,Italy,89,3.8,0.0,4.1666665,,3.5,1.0,2.05,https://www.vivino.com/GB/en/bricco-gaiano-barbera-d-asti-superiore/w/9350154
9350635,Riolite Il Bello Appassimento Bianco,Il Bello Appassimento Bianco,2,White Wine,Terre Siciliane,Riolite,Chianti,Italy,15,3.6,12.0,2.0,,4.0,1.0,,https://www.vivino.com/GB/en/riolite-il-bello-appassimento-bianco/w/9350635
9351067,Mendes Barros Branco,Branco,2,White Wine,Dão,Mendes Barros,Dão,Portugal,13,4.7,12.5,3.55,,2.7925,2.0005,,https://www.vivino.com/GB/en/mendes-barros-branco/w/9351067
9352693,Wittmann Riesling Vom Löss Trocken,Riesling Vom Löss Trocken,2,White Wine,Rheinhessen,Wittmann,Rheinhessen,Germany,10,4.2,11.8,4.8809524,,2.895,1.0766667,,https://www.vivino.com/GB/en/wittmann-rheinhessen-riesling-vom-loss-trocken/w/9352693
9353273,Vulcani d'Italia Aglianico del Vulture Superiore Riserva,Aglianico del Vulture Superiore Riserva,1,Red Wine,Aglianico del Vulture Superiore,Vulcani d'Italia,Etna,Italy,110,3.6,0.0,3.0864265,,4.5278115,2.021385,3.4005816,https://www.vivino.com/GB/en/vulcani-d-italia-aglianico-del-vulture-superiore-riserva/w/9353273
9355140,Cross Creek Pinot Gris,Pinot Gris,2,White Wine,California,Cross Creek,California,United States,12,3.5,12.5,2.5357144,,3.0,1.5,,https://www.vivino.com/GB/en/cross-creek-pinot-gris/w/9355140
9355357,Monte Tessa 6 Sei Caselle Negroamaro,6 Sei Caselle Negroamaro,1,Red Wine,Puglia,Monte Tessa,Puglia,Italy,105,3.9,0.0,2.7503507,,3.8952632,3.0705261,2.2822807,https://www.vivino.com/GB/en/monte-tessa-six-sei-caselle-negroamaro/w/9355357
9356117,Hola Cava MZ Organic Brut,Cava MZ Organic Brut,3,Sparkling,Cava,Hola,Cava,Spain,93,3.2,11.5,3.062245,3.259796,2.0051022,,,https://www.vivino.com/GB/en/hola-cava-mz-organic-brut/w/9356117
9357500,The Butterfly Effect Cabernet Sauvignon - Shiraz,Cabernet Sauvignon - Shiraz,1,Red Wine,Victoria,The Butterfly Effect,South Eastern Australia,Australia,44,3.7,0.0,3.2184126,,5.0,1.0,3.534127,https://www.vivino.com/GB/en/the-butterfly-effect-cabernet-sauvignon-shiraz-victoria/w/9357500
9357571,Aurora Boreal Espumante Natural Brut,Boreal Espumante Natural Brut,3,Sparkling,Serra Gaúcha,Aurora,Serra Gaúcha,Brazil,34,3.3,12.0,3.0773056,2.972176,2.8386528,,,https://www.vivino.com/GB/en/aurora-boreal-espumante-natural-brut/w/9357571
9358193,Hanna Red Ranch Cabernet Sauvignon,Red Ranch Cabernet Sauvignon,1,Red Wine,Alexander Valley,Hanna,Sonoma County,United States,20,4.1,0.0,2.9897015,,3.9795523,1.974776,3.4501493,https://www.vivino.com/GB/en/hanna-red-ranch-cabernet-sauvignon/w/9358193
9358382,Sinegal Estate Napa Valley Cabernet Sauvignon,Napa Valley Cabernet Sauvignon,1,Red Wine,Napa Valley,Sinegal Estate,St. Helena,United States,98,4.4,0.0,3.2350934,,4.725467,1.5044394,3.2783885,https://www.vivino.com/GB/en/sinegal-estate-napa-valley-cabernet-sauvignon/w/9358382
9361287,Hahn Family Wines Unstoppable Cabernet Sauvignon,Unstoppable Cabernet Sauvignon,1,Red Wine,California,Hahn Family Wines,California,United States,16,3.5,0.0,2.9142857,,4.815,1.2478572,4.0278573,https://www.vivino.com/GB/en/hahn-family-wines-unstoppable-cabernet-sauvignon/w/9361287
9361458,Venge Vineyards Sugarloaf Vineyard Cabernet Franc,Sugarloaf Vineyard Cabernet Franc,1,Red Wine,Napa Valley,Venge Vineyards,Calistoga,United States,12,4.6,0.0,3.0,,3.5,1.0,4.0,https://www.vivino.com/GB/en/venge-vineyards-sugarloaf-vineyard-cabernet-franc/w/9361458
9361633,ZD Wines 50th Anniversary Cabernet Sauvignon,50th Anniversary Cabernet Sauvignon,1,Red Wine,Napa Valley,ZD Wines,Rutherford,United States,41,4.6,14.6,3.4966056,,4.9027524,1.0704588,3.4144952,https://www.vivino.com/GB/en/zd-wines-fifty-th-anniversary-cabernet-sauvignon/w/9361633
9361835,Acquaforte Pinot Nero,Pinot Nero,1,Red Wine,Provincia di Pavia,Acquaforte,Rubicone,Italy,44,3.6,0.0,4.0031576,,2.4526315,1.091579,2.1752632,https://www.vivino.com/GB/en/acquaforte-pinot-nero/w/9361835
9365480,Baglietti Organic Rosé Prosecco,Organic Rosé Prosecco,3,Sparkling,Prosecco,Baglietti,Prosecco,Italy,22,3.9,0.0,3.8733332,4.1733336,2.02,,,https://www.vivino.com/GB/en/baglietti-organic-rose-prosecco/w/9365480
9365509,Flôrel Vat 18 Single Bottling Malbec,Vat 18 Single Bottling Malbec,1,Red Wine,Mendoza,Flôrel,Mendoza,Argentina,12,3.8,14.0,2.5,,4.0416665,1.5,2.0,https://www.vivino.com/GB/en/florel-vat-18-single-bottling-malbec/w/9365509
9365553,Poggio Domino Primitivo di Manduria,Primitivo di Manduria,1,Red Wine,Primitivo di Manduria,Poggio Domino,Primitivo di Manduria,Italy,28,4.0,0.0,2.0809524,,4.045238,2.4857144,2.5538096,https://www.vivino.com/GB/en/poggio-domino-primitivo-di-manduria/w/9365553
9365593,Gérard Bertrand Source of Joy,Source of Joy,4,Rosé Wine,Languedoc,Gérard Bertrand,Languedoc-Roussillon,France,17,4.1,13.0,3.545946,,2.9724324,1.1102703,,https://www.vivino.com/GB/en/gerard-bertrand-source-of-joy/w/9365593
9365603,Dulcinea Santos Ferreira Sidónio de Sousa Baga,Sidónio de Sousa Baga,1,Red Wine,Bairrada,Dulcinea Santos Ferreira,Bairrada,Portugal,12,3.8,13.5,3.0,,4.3333335,1.6666666,3.6666667,https://www.vivino.com/GB/en/sidonio-de-sousa-sidonio-de-sousa-baga/w/9365603
9366427,The Hess Collection Maverick Ranch Special Cuvée Cabernet Sauvignon,Maverick Ranch Special Cuvée Cabernet Sauvignon,1,Red Wine,Napa County,The Hess Collection,Napa Valley,United States,18,4.3,14.5,4.0,,5.0,1.6464705,4.5041175,https://www.vivino.com/GB/en/hess-collection-winery-maverick-ranch-special-cuvee-cabernet-sauvignon/w/9366427
9366612,WildStone Nevado Sauvignon Blanc,Nevado Sauvignon Blanc,2,White Wine,Central Valley,WildStone,Central Valley,Chile,127,3.4,12.0,4.34127,,3.327619,1.6688889,,https://www.vivino.com/GB/en/wildstone-central-valley-nevado-sauvignon-blanc/w/9366612
9366872,Root 1 Reserva Cabernet Sauvignon,Reserva Cabernet Sauvignon,1,Red Wine,Maipo Valley,Root 1,Washington,United States,21,3.4,0.0,2.9568627,,3.7233331,2.0835292,3.1870587,https://www.vivino.com/GB/en/root-1-reserva-cabernet-sauvignon/w/9366872
9368830,Karkú Vineyard & Winery Reserva Especial Cabernet Sauvignon,Reserva Especial Cabernet Sauvignon,1,Red Wine,Maule Valley,Karkú Vineyard & Winery,Maule Valley,Chile,39,3.4,14.0,2.9645455,,4.11,1.3939394,3.2715151,https://www.vivino.com/GB/en/karku-vineyard-winery-reserva-especial-cabernet-sauvignon-maule-valley/w/9368830
9368905,Noviello Quintessence Vineyard Cabernet Sauvignon,Quintessence Vineyard Cabernet Sauvignon,1,Red Wine,Red Mountain,Noviello,Red Mountain,United States,11,4.0,14.65,3.9452631,,3.9294739,1.068421,3.797895,https://www.vivino.com/GB/en/noviello-quintessence-vineyard-cabernet-sauvignon/w/9368905
9369193,Pacificana Syrah,Syrah,1,Red Wine,California,Pacificana,California,United States,18,3.6,13.0,3.0,,4.5232143,1.0,3.7460713,https://www.vivino.com/GB/en/us-pacificana-syrah/w/9369193
9369661,Tenuta Ulisse Limited Edition 10 Vendemmie Bianco,Limited Edition 10 Vendemmie Bianco,2,White Wine,Abruzzo,Tenuta Ulisse,Abruzzo,Italy,11,4.3,0.0,4.0181484,,2.9325926,2.0,,https://www.vivino.com/GB/en/tenuta-ulisse-limited-edition-10-vendemmie-bianco/w/9369661
9369872,Via Gloria Limited Edition Appassimento,Limited Edition Appassimento,1,Red Wine,Puglia,Via Gloria,Puglia,Italy,23,4.3,0.0,1.9858825,,5.0,2.0988235,2.735294,https://www.vivino.com/GB/en/via-gloria-limited-edition-appassimento/w/9369872
9370220,Merus Invicta Cabernet Sauvignon,Invicta Cabernet Sauvignon,1,Red Wine,Alexander Valley,Merus,St. Helena,United States,59,4.1,14.4,3.0872927,,4.646851,1.1983978,3.3761322,https://www.vivino.com/GB/en/merus-invicta-cabernet-sauvignon/w/9370220
9371206,Schermeister Scavenger Tumbas Vineyard Syrah,Scavenger Tumbas Vineyard Syrah,1,Red Wine,Amador County,Schermeister,Sonoma Valley,United States,17,4.5,0.0,3.0169566,,4.5282607,1.0960869,3.508261,https://www.vivino.com/GB/en/schermeister-scavenger-tumbas-vineyard-syrah/w/9371206
9371222,Le Temps des Récoltes Bordeaux Blanc,Bordeaux Blanc,2,White Wine,Bordeaux,Le Temps des Récoltes,Bordeaux,France,38,3.9,0.0,2.8183334,,3.98125,1.9745833,,https://www.vivino.com/GB/en/le-temps-des-recoltes-bordeaux-blanc/w/9371222
9371357,Cecilia Beretta Prosecco Rosé,Prosecco Rosé,3,Sparkling,Prosecco,Cecilia Beretta,Verona,Italy,26,4.0,0.0,3.95597,3.9995522,2.1998508,,,https://www.vivino.com/GB/en/cecilia-beretta-prosecco-rose/w/9371357
9371556,Domaine des Grandes Vernes Saint-Amour,Saint-Amour,1,Red Wine,Saint-Amour,Domaine des Grandes Vernes,Saint-Amour,France,14,3.8,14.0,5.0,,1.0,1.0,1.5,https://www.vivino.com/GB/en/domaine-des-grandes-vernes-saint-amour/w/9371556
9371970,Noble Savage Cabernet Sauvignon - Shiraz,Cabernet Sauvignon - Shiraz,1,Red Wine,Stellenbosch,Noble Savage,Stellenbosch,South Africa,15,3.7,0.0,3.0,,3.7794118,1.0,3.6029413,https://www.vivino.com/GB/en/noble-savage-cabernet-sauvignon-shiraz/w/9371970
9373375,Altruria Cabernet Sauvignon,Cabernet Sauvignon,1,Red Wine,Sonoma County,Altruria,Sonoma County,United States,83,4.2,0.0,3.064606,,4.6538177,1.8083637,3.7229695,https://www.vivino.com/GB/en/altruria-cabernet-sauvignon/w/9373375
9373623,Kirkland Signature Sancerre,Sancerre,2,White Wine,Sancerre,Kirkland Signature,Washington,United States,122,3.9,13.0,3.8632886,,2.134396,1.1433557,,https://www.vivino.com/GB/en/kirkland-signature-sancerre/w/9373623
9373671,Trader Joe's Reserve Lot #214 Shiraz,Reserve Lot #214 Shiraz,1,Red Wine,California,Trader Joe's,California,United States,18,3.8,0.0,3.0,,4.449718,1.1364789,3.9066195,https://www.vivino.com/GB/en/trader-joe-s-reserve-lot-214-shiraz/w/9373671
9373881,Baglio di Pianetto Antico Alberello Nero d'Avola,Antico Alberello Nero d'Avola,1,Red Wine,Terre Siciliane,Baglio di Pianetto,Terre Siciliane,Italy,37,4.0,14.0,2.5048275,,4.329655,2.124138,3.0082757,https://www.vivino.com/GB/en/baglio-di-pianetto-antico-alberello-nero-d-avola-sicily/w/9373881
9373889,Zuazo Gaston Flor de Sara Vendimia Seleccionada,Flor de Sara Vendimia Seleccionada,1,Red Wine,Rioja,Zuazo Gaston,Rioja,Spain,15,3.0,14.5,4.03,,3.7936842,1.0,4.1789474,https://www.vivino.com/GB/en/zuazo-gaston-flor-de-sara-vendimia-seleccionada-rioja/w/9373889
9374057,Este Escolha Branco,Escolha Branco,2,White Wine,Vinho Verde,Este,Vinho Verde,Portugal,20,3.8,11.5,4.381633,,1.5,1.1142857,,https://www.vivino.com/GB/en/este-vinho-verde-escolha-branco/w/9374057
9375784,Château Teyssier Montagne-Saint-Émilion,Montagne-Saint-Émilion,1,Red Wine,Montagne-Saint-Émilion,Château Teyssier,Puisseguin-Saint-Émilion,France,16,3.9,0.0,3.7156603,,4.5049057,1.0,4.0071697,https://www.vivino.com/GB/en/chateau-teyssier-puisseguin-saint-emilion-montagne-saint-emilion/w/9375784
9376749,30 Miles Sauvignon Blanc,Sauvignon Blanc,2,White Wine,Napa Valley,30 Miles,Napa Valley,United States,18,3.2,0.0,4.0593615,,3.0255318,1.1480851,,https://www.vivino.com/GB/en/thirty-miles-sauvignon-blanc/w/9376749
9376758,Solasviñas Verdejo,Verdejo,2,White Wine,Rueda,Solasviñas,Rueda,Spain,17,3.4,0.0,3.219231,,2.0,1.8974359,,https://www.vivino.com/GB/en/solasvinas-verdejo/w/9376758
9376770,Orin Swift Double,Double,1,Red Wine,Napa Valley,Orin Swift,Napa Valley,United States,13,4.4,0.0,1.5,,4.0,1.5,2.0,https://www.vivino.com/GB/en/orin-swift-double/w/9376770
9378321,Les Fontaines de Luch Chardonnay - Sauvignon,Chardonnay - Sauvignon,2,White Wine,Pays d'Oc,Les Fontaines de Luch,Pays d'Oc,France,23,3.8,13.0,2.5742855,,3.0,1.1535715,,https://www.vivino.com/GB/en/les-fontaines-de-luch-chardonnay-sauvignon/w/9378321
9379217,Quarisa Caravan Merlot,Caravan Merlot,1,Red Wine,South Eastern Australia,Quarisa,South Australia,Australia,12,4.0,14.5,1.5694736,,4.0,1.181579,1.9771054,https://www.vivino.com/GB/en/quarisa-caravan-merlot/w/9379217
9383089,Reata Jamieson Ranch Vineyard Chardonnay,Jamieson Ranch Vineyard Chardonnay,2,White Wine,Sonoma Coast,Reata,California,United States,18,4.0,0.0,3.2798414,,4.235556,2.4044445,,https://www.vivino.com/GB/en/reata-jamieson-ranch-vineyard-chardonnay/w/9383089
9387877,Priest Ranch Peacemaker,Peacemaker,1,Red Wine,Napa Valley,Priest Ranch,Yountville,United States,12,4.0,15.4,3.421212,,4.684849,1.3151516,3.8030303,https://www.vivino.com/GB/en/priest-ranch-peacemaker-napa-valley-red-wine/w/9387877
9390275,Prosper Maufoux Rully 1er Cru,Rully 1er Cru,2,White Wine,Rully Premier Cru,Prosper Maufoux,Côte de Beaune,France,10,4.0,0.0,2.5,,2.9347825,1.0,,https://www.vivino.com/GB/en/prosper-maufoux-rully-1er-cru/w/9390275
9390315,Caymus 1858 Red Blend,1858 Red Blend,1,Red Wine,California,Caymus,Rutherford,United States,246,4.2,0.0,3.6650343,,4.673547,1.5280548,3.4464076,https://www.vivino.com/GB/en/caymus-vineyards-eighteen-fiftyeight-red-blend/w/9390315
9391910,La Farra Prosecco Rosé Brut,Prosecco Rosé Brut,3,Sparkling,Prosecco,La Farra,Veneto,Italy,54,3.5,0.0,3.3801265,3.8655696,2.1717722,,,https://www.vivino.com/GB/en/la-farra-prosecco-rose-brut/w/9391910
9391961,Cantine San Giorgio WhyNot?! Zinfandel,WhyNot?! Zinfandel,1,Red Wine,Salento,Cantine San Giorgio,Puglia,Italy,110,4.3,15.0,1.8501493,,4.902686,2.2131343,2.9683583,https://www.vivino.com/GB/en/cantine-san-giorgio-whynot-zinfandel-lecce-red-wine-v-qdase/w/9391961
9392073,Cielo e Terra 1530 Prosecco Rosé,1530 Prosecco Rosé,3,Sparkling,Prosecco,Cielo e Terra,Veneto,Italy,11,3.9,0.0,4.024,3.936,2.0080001,,,https://www.vivino.com/GB/en/it-cielo-e-terra-fifteen-thirty-prosecco-rose/w/9392073
9394597,Matetic Fiore Sauvignon Blanc,Fiore Sauvignon Blanc,2,White Wine,Leyda Valley,Matetic,San Antonio Valley,Chile,43,3.3,13.5,4.0371428,,3.0,1.0,,https://www.vivino.com/GB/en/matetic-fiore-sauvignon-blanc/w/9394597
9394600,Paul Laurent Cuvée Prestige Brut Champagne,Cuvée Prestige Brut Champagne,3,Sparkling,Champagne,Paul Laurent,Champagne,France,53,3.9,0.0,3.7750216,3.2539485,3.1196136,,,https://www.vivino.com/GB/en/fr-paul-laurent-cuvee-prestige-brut-champagne/w/9394600
9394795,Glenelly Hill Red Blend,Red Blend,1,Red Wine,Stellenbosch,Glenelly Hill,Stellenbosch,South Africa,10,3.2,0.0,3.4814286,,3.5285714,2.0057144,3.502381,https://www.vivino.com/GB/en/glenelly-hill-red-blend/w/9394795
9395311,WINC So This Happened Zinfandel,So This Happened Zinfandel,1,Red Wine,California,WINC,California,United States,53,3.6,14.5,1.623913,,5.0,2.3660872,2.5236232,https://www.vivino.com/GB/en/winc-so-this-happened-zinfandel-california/w/9395311
9396428,Scarànto Chianti Riserva,Chianti Riserva,1,Red Wine,Chianti,Scarànto,Chianti,Italy,28,3.8,14.0,3.9842856,,3.0314286,1.0,3.2457144,https://www.vivino.com/GB/en/scaranto-chianti-chianti-riserva/w/9396428
9396482,Lidl Malbec,Malbec,1,Red Wine,Uco Valley,Lidl,Württemberg,Germany,36,3.3,0.0,2.5,,3.9935715,1.6092856,1.8842858,https://www.vivino.com/GB/en/lidl-malbec-valle-de-uco-red-wine/w/9396482
9397159,LZC Winemaker's Collection Chardonnay,Winemaker's Collection Chardonnay,2,White Wine,Lodi,LZC,Lodi,United States,10,3.4,0.0,3.2058823,,5.0,2.887059,,https://www.vivino.com/GB/en/lzc-winemaker-s-collection-chardonnay/w/9397159
9399339,Falesco Umbria Bianco,Umbria Bianco,2,White Wine,Umbria,Falesco,Umbria,Italy,38,3.1,0.0,3.9604347,,2.9208696,2.1356523,,https://www.vivino.com/GB/en/falesco-umbria-bianco/w/9399339
9399471,Expedition Carmenère,Carmenère,1,Red Wine,Central Valley,Expedition,Mendoza,Argentina,32,3.1,13.5,3.0,,4.5,1.0,2.5,https://www.vivino.com/GB/en/expedition-carmenere/w/9399471
9399482,Quinta da Biaia Rota de Santiago Oak Aged Tinto,Rota de Santiago Oak Aged Tinto,1,Red Wine,Beira Interior,Quinta da Biaia,Beira Interior,Portugal,39,3.5,13.5,2.5346513,,5.0,1.0,3.5453491,https://www.vivino.com/GB/en/quinta-da-biaia-rota-de-santiago-oak-aged-tinto/w/9399482
9399762,Nabal Gran Reserva,Gran Reserva,1,Red Wine,Ribera del Duero,Nabal,Castilla y León,Spain,33,4.2,14.5,3.0283017,,4.134717,1.7520754,3.3483016,https://www.vivino.com/GB/en/nabal-gran-reserva/w/9399762
9401984,Abbotts & Delaunay Metayage Pinot Noir,Metayage Pinot Noir,1,Red Wine,Languedoc-Roussillon,Abbotts & Delaunay,Languedoc-Roussillon,France,28,3.8,13.5,4.0,,3.9538462,1.0230769,3.9815385,https://www.vivino.com/GB/en/abbotts-metayage-pinot-noir-languedoc-roussillon/w/9401984
9402407,Armatura Brunello di Montalcino,Brunello di Montalcino,1,Red Wine,Brunello di Montalcino,Armatura,Brunello di Montalcino,Italy,49,3.8,14.0,3.681688,,3.3849351,1.1924676,3.7853246,https://www.vivino.com/GB/en/armatura-brunello-di-montalcino/w/9402407
9402552,Tetrachroma Pinot Nero,Pinot Nero,1,Red Wine,Provincia di Pavia,Tetrachroma,Mendocino County,United States,32,3.3,0.0,4.008889,,2.5,1.1777778,2.0222223,https://www.vivino.com/GB/en/tetrachroma-pinot-nero/w/9402552
9402717,Sepp Moser Komposition II,Komposition II,2,White Wine,Kremstal,Sepp Moser,Niederösterreich,Austria,12,3.8,13.5,4.065,,2.0,1.0,,https://www.vivino.com/GB/en/sepp-moser-komposition-ii-kremstal/w/9402717
9402833,Armatura Governo All'Uso Toscano,Governo All'Uso Toscano,1,Red Wine,Toscana,Armatura,Brunello di Montalcino,Italy,39,3.6,14.0,3.090909,,3.090909,1.0,3.0,https://www.vivino.com/GB/en/armatura-governo-all-uso-toscano/w/9402833
9406905,Barkan Platinum Cabernet Sauvignon,Platinum Cabernet Sauvignon,1,Red Wine,Galilee,Barkan,Galilee,Israel,20,3.8,0.0,3.0981817,,3.6654546,2.1372728,3.0418181,https://www.vivino.com/GB/en/barkan-platinum-cabernet-sauvignon/w/9406905
9407089,Hans Baer Rivaner - Grauburgunder Trocken,Rivaner - Grauburgunder Trocken,2,White Wine,Rheinhessen,Hans Baer,Pfalz,Germany,10,4.1,0.0,2.5,,3.0,1.5,,https://www.vivino.com/GB/en/hans-baer-rivaner-grauburgunder-trocken/w/9407089
9408791,Chassaux GSM,GSM,1,Red Wine,Pays d'Oc,Chassaux,Coteaux Varois en Provence,France,45,3.8,0.0,3.9520001,,4.0,1.6179999,3.508,https://www.vivino.com/GB/en/chassaux-gsm-vin-de-pays-doc/w/9408791
9410736,Maestri Cantinieri Bianco Semi Dry,Bianco Semi Dry,2,White Wine,Piemonte,Maestri Cantinieri,Piemonte,Italy,10,3.4,0.0,3.0,,4.0,2.066,,https://www.vivino.com/GB/en/it-maestri-cantinieri-bianco-semi-dry/w/9410736
9411170,Wavy Wines Super Californian,Super Californian,1,Red Wine,Sonoma County,Wavy Wines,Sonoma County,United States,11,4.2,12.5,4.0588374,,3.8981395,1.657907,3.245814,https://www.vivino.com/GB/en/wavy-wines-super-californian/w/9411170
9411242,Domaine Ferrandière Plot de Resclause Le Grand Vin Blanc,Plot de Resclause Le Grand Vin Blanc,2,White Wine,Pays d'Oc,Domaine Ferrandière,Languedoc-Roussillon,France,18,4.1,0.0,2.7628572,,3.0,1.0,,https://www.vivino.com/GB/en/domaine-ferrandiere-plot-de-resclause-le-grand-vin-blanc/w/9411242
9412914,Textbook Premiere Napa Valley Cabernet Sauvignon,Premiere Napa Valley Cabernet Sauvignon,1,Red Wine,Oakville,Textbook,Napa Valley,United States,179,4.3,0.0,3.0682192,,4.019863,2.230137,3.3106165,https://www.vivino.com/GB/en/textbook-premiere-napa-valley-cabernet-sauvignon/w/9412914
9413004,Michael David Winery Inkblot Petite Sirah,Inkblot Petite Sirah,1,Red Wine,Lodi,Michael David Winery,California,United States,10,4.4,15.5,3.4093938,,4.4369698,1.0,4.6612124,https://www.vivino.com/GB/en/michael-david-winery-inkblot-petite-sirah/w/9413004
9413362,Castellore Edizione Limitata Aglianico del Vulture,Edizione Limitata Aglianico del Vulture,1,Red Wine,Aglianico del Vulture,Castellore,Puglia,Italy,91,3.9,0.0,2.189172,,4.836624,2.0515924,2.8066878,https://www.vivino.com/GB/en/castellore-edizione-limitata-aglianico-del-vulture/w/9413362
9415050,Antodie Grenache Rosé,Grenache Rosé,4,Rosé Wine,Pays d'Oc,Antodie,Pays d'Oc,France,233,3.7,13.0,3.1668084,,2.7012765,1.7295744,,https://www.vivino.com/GB/en/antodie-grenache-rose-vin-de-pays-doc/w/9415050
9415352,Kirkland Signature Napa Valley Cabernet Sauvignon,Napa Valley Cabernet Sauvignon,1,Red Wine,Napa Valley,Kirkland Signature,Washington,United States,18,3.6,0.0,3.3069813,,5.0,1.105849,3.7509432,https://www.vivino.com/GB/en/kirkland-signature-napa-valley-cabernet-sauvignon/w/9415352
9415465,Gabriel Meffre Solis Terra Côtes-du-Rhône-Villages 'Seguret',Solis Terra Côtes-du-Rhône-Villages 'Seguret',1,Red Wine,Côtes-du-Rhône-Villages 'Seguret',Gabriel Meffre,Southern Rhône,France,296,3.6,14.5,3.0663767,,3.918696,1.7859421,3.698744,https://www.vivino.com/GB/en/gabriel-meffre-solis-terra-cotes-du-rhone-villages-seguret/w/9415465
9416029,Baudouin Millet Petit Chablis,Petit Chablis,2,White Wine,Petit Chablis,Baudouin Millet,Chablis,France,44,3.9,0.0,3.651068,,2.9114563,1.6608739,,https://www.vivino.com/GB/en/baudouin-millet-petit-chablis/w/9416029
9416048,De Moya Mola Tinto,Mola Tinto,1,Red Wine,Valencia,De Moya,Valencia,Spain,20,5.0,14.5,2.8615384,,4.1153846,1.0692308,2.6307693,https://www.vivino.com/GB/en/de-moya-mola-tinto/w/9416048
9417491,Castellore Soave Classico,Soave Classico,2,White Wine,Soave Classico,Castellore,Puglia,Italy,15,3.5,0.0,3.4751065,,2.5774467,1.2268085,,https://www.vivino.com/GB/en/castellore-soave-classico/w/9417491
9417585,Cantine Birgi Trisole Nero d'Avola,Trisole Nero d'Avola,1,Red Wine,Sicilia,Cantine Birgi,Terre Siciliane,Italy,1449,3.7,13.0,2.9022791,,3.342228,2.930858,3.076018,https://www.vivino.com/GB/en/cantine-birgi-trisole-nero-d-avola/w/9417585
9417632,Shannon Ridge Crossbow Pinot Noir,Crossbow Pinot Noir,1,Red Wine,Los Carneros,Shannon Ridge,Lake County,United States,17,4.1,0.0,3.0101333,,2.9480002,1.668,1.9317334,https://www.vivino.com/GB/en/shannon-ridge-crossbow-pinot-noir/w/9417632
9417717,August Kesseler Kiedricher Sandgrub Riesling,Kiedricher Sandgrub Riesling,2,White Wine,Rheingau,August Kesseler,Rheingau,Germany,67,4.0,0.0,4.692979,,3.1180851,1.4329787,,https://www.vivino.com/GB/en/august-kesseler-kiedricher-sandgrub-riesling/w/9417717
9420003,Chassaux Caíranne Édition Limitée Cru des Côtes du Rhône,Caíranne Édition Limitée Cru des Côtes du Rhône,1,Red Wine,Cairanne,Chassaux,Coteaux Varois en Provence,France,73,4.0,0.0,3.4397247,,4.0643115,1.3278898,3.2011926,https://www.vivino.com/GB/en/chassaux-cairanne-edition-limitee-cru-des-cotes-du-rhone/w/9420003
9420058,Cavallo Di Battaglia Montepulciano d'Abruzzo,Montepulciano d'Abruzzo,1,Red Wine,Montepulciano d'Abruzzo,Cavallo Di Battaglia,Ticino,Switzerland,24,3.6,13.5,4.0134425,,2.5,1.8468852,3.0403278,https://www.vivino.com/GB/en/cavallo-di-battaglia-montepulciano-d-abruzzo/w/9420058
9420361,Mullineux Chenin Blanc,Chenin Blanc,2,White Wine,Swartland,Mullineux,Western Cape,South Africa,12,4.0,0.0,4.5,,2.5,1.0,,https://www.vivino.com/GB/en/mullineux-chenin-blanc/w/9420361
9420366,Blütengarten Limited Edition Riesling,Limited Edition Riesling,2,White Wine,Pfalz,Blütengarten,Pfalz,Germany,27,3.8,0.0,4.69831,,2.7278872,1.9574649,,https://www.vivino.com/GB/en/blutengarten-limited-edition-riesling/w/9420366
9421132,Viña Casas del Toqui Contigo Cabernet Sauvignon,Contigo Cabernet Sauvignon,1,Red Wine,Central Valley,Viña Casas del Toqui,Cachapoal Valley,Chile,10,4.6,13.0,3.0,,4.5,1.0,3.2115386,https://www.vivino.com/GB/en/vina-casas-del-toqui-contigo-cabernet-sauvignon/w/9421132
9423368,Castellore Valpolicella Ripasso Superiore,Valpolicella Ripasso Superiore,1,Red Wine,Valpolicella Ripasso,Castellore,Puglia,Italy,91,3.8,0.0,2.0393815,,3.964536,2.2305155,2.6453605,https://www.vivino.com/GB/en/castellore-valpolicella-ripasso-superiore-valpolicella-ripasso/w/9423368
9423881,Loimer Ried Seeberg Grüner Veltliner,Ried Seeberg Grüner Veltliner,2,White Wine,Kamptal,Loimer,Niederösterreich,Austria,29,3.9,0.0,3.8222222,,2.3111112,1.0,,https://www.vivino.com/GB/en/weingut-fred-loimer-ried-seeberg-gruner-veltliner/w/9423881
9427947,Pierre Jaurant Édition Limitée Grenache Noir,Édition Limitée Grenache Noir,1,Red Wine,Pays d'Oc,Pierre Jaurant,Cahors,France,30,3.8,0.0,3.0948718,,3.6115386,1.0074359,2.7917948,https://www.vivino.com/GB/en/pierre-jaurant-edition-limitee-grenache-noir/w/9427947
9428282,Beachfront Limited Edition Pinot Noir,Limited Edition Pinot Noir,1,Red Wine,California,Beachfront,California,United States,77,3.7,0.0,3.5774124,,2.6387413,1.3354546,2.5848951,https://www.vivino.com/GB/en/beachfront-limited-edition-pinot-noir/w/9428282
9428510,Cantine due Palme Selvarossa del Presidente,Selvarossa del Presidente,1,Red Wine,Puglia,Cantine due Palme,Brindisi,Italy,13,4.0,13.5,2.0,,4.909565,2.6217391,3.0791304,https://www.vivino.com/GB/en/due-palme-selvarossa-del-presidente/w/9428510
9428672,Paul Laurent Cuvée du Fondateur Blanc de Blancs Brut Champagne,Cuvée du Fondateur Blanc de Blancs Brut Champagne,3,Sparkling,Champagne,Paul Laurent,Champagne,France,16,4.0,0.0,5.0,4.5466666,4.3,,,https://www.vivino.com/GB/en/fr-paul-laurent-cuvee-du-fondateur-blanc-de-blancs-brut-champagne-champagne/w/9428672
9428966,Chassaux Édition Limitée Picpoul de Pinet,Édition Limitée Picpoul de Pinet,2,White Wine,Picpoul de Pinet,Chassaux,Coteaux Varois en Provence,France,38,4.1,0.0,3.375185,,2.8492594,1.1166667,,https://www.vivino.com/GB/en/chassaux-edition-limitee-picpoul-de-pinet-picpoul-de-pinet/w/9428966
9431986,Castellore Edizione Limitata Maremma Toscana Riserva,Edizione Limitata Maremma Toscana Riserva,1,Red Wine,Maremma Toscana,Castellore,Puglia,Italy,52,3.6,0.0,3.2180645,,3.1929033,1.2264516,2.8490322,https://www.vivino.com/GB/en/castellore-edizione-limitata-maremma-toscana-riserva-maremma-toscana/w/9431986
9434589,Pertois-Moriset Cuvée CH Blanc de Blancs Champagne Grand Cru,Cuvée CH Blanc de Blancs Champagne Grand Cru,3,Sparkling,Champagne Grand Cru,Pertois-Moriset,Champagne Grand Cru 'Le Mesnil-sur-Oger',France,39,4.2,0.0,3.8614364,3.9948618,4.0285635,,,https://www.vivino.com/GB/en/pertois-moriset-cuvee-ch-blanc-de-blancs-champagne-grand-cru/w/9434589
9435350,Freeman's Bay Limited Edition Riesling,Limited Edition Riesling,2,White Wine,Marlborough,Freeman's Bay,Marlborough,New Zealand,19,3.2,0.0,4.5419044,,2.7357144,1.0,,https://www.vivino.com/GB/en/freemans-bay-limited-edition-riesling/w/9435350
9435491,Pierre Jaurant Edition Limitee Beaujolais,Edition Limitee Beaujolais,1,Red Wine,Beaujolais,Pierre Jaurant,Cahors,France,33,3.5,0.0,4.9591665,,1.9566668,1.1516666,1.9258333,https://www.vivino.com/GB/en/pierre-jaurant-edition-limitee-beaujolais/w/9435491
9437574,Estevez Edición Limitada Malbec,Edición Limitada Malbec,1,Red Wine,Central Valley,Estevez,Maule Valley,Chile,16,3.8,0.0,2.5,,4.1341667,1.5408335,2.0525,https://www.vivino.com/GB/en/cl-estevez-edicion-limitada-malbec/w/9437574
9438966,Ladro d’Uva Barbera,Barbera,1,Red Wine,Puglia,Ladro d’Uva,Romagna,Italy,15,3.6,0.0,4.1,,3.5333333,1.0,2.0666666,https://www.vivino.com/GB/en/ladro-d-uva-barbera/w/9438966
9439109,Calvet Prestige de Calvet Côtes du Rhône Villages,Prestige de Calvet Côtes du Rhône Villages,1,Red Wine,Côtes-du-Rhône-Villages,Calvet,Rhone Valley,France,51,3.9,0.0,3.51625,,3.9995835,1.3629166,3.2779167,https://www.vivino.com/GB/en/calvet-prestige-de-calvet-cotes-du-rhone-villages-cotes-de-rhone-villages/w/9439109
9439188,Cambalala Limited Edition Malbec,Limited Edition Malbec,1,Red Wine,Western Cape,Cambalala,Western Cape,South Africa,25,3.4,13.0,2.574138,,4.0,1.5896552,1.9403448,https://www.vivino.com/GB/en/cambalala-limited-edition-malbec/w/9439188
9439190,Gérard Bertrand Change Sauvignon,Change Sauvignon,2,White Wine,Pays d'Oc,Gérard Bertrand,Languedoc-Roussillon,France,16,3.9,0.0,2.5,,3.0,1.0,,https://www.vivino.com/GB/en/gerard-bertrand-change-sauvignon/w/9439190
9439493,Theron Rosso,Rosso,1,Red Wine,Terre Siciliane,Theron,Terre Siciliane,Italy,22,4.0,13.5,2.2514286,,4.3504763,1.9371428,2.5076191,https://www.vivino.com/GB/en/theron-sicily-rosso/w/9439493
9439617,Fiol Prosecco Rosé,Prosecco Rosé,3,Sparkling,Prosecco,Fiol,Veneto,Italy,17,5.0,0.0,3.9114287,3.957143,1.9828571,,,https://www.vivino.com/GB/en/fiol-prosecco-rose/w/9439617
9442659,Valdo Oro Puro Prosecco Rosé Brut Millesimato,Oro Puro Prosecco Rosé Brut Millesimato,3,Sparkling,Prosecco,Valdo,Conegliano-Valdobbiadene Prosecco,Italy,13,3.5,0.0,3.34,4.0,2.336875,,,https://www.vivino.com/GB/en/valdo-oro-puro-prosecco-rose-brut-millesimato/w/9442659
9445178,Chassaux Côtes du Rhône,Côtes du Rhône,1,Red Wine,Côtes-du-Rhône,Chassaux,Coteaux Varois en Provence,France,14,3.8,0.0,3.5,,4.0,1.0,3.37,https://www.vivino.com/GB/en/chassaux-cotes-du-rhone-cotes-du-rhone/w/9445178
9445216,San Tenzo Langhe Nebbiolo,Langhe Nebbiolo,1,Red Wine,Langhe,San Tenzo,Langhe,Italy,36,3.2,0.0,4.6549997,,3.595,1.0,4.43,https://www.vivino.com/GB/en/san-tenzo-langhe-nebbiolo/w/9445216
9445402,Laurent Miquel Cazal Viel Grande Sélection Albariño,Cazal Viel Grande Sélection Albariño,2,White Wine,Languedoc-Roussillon,Laurent Miquel,Languedoc-Roussillon,France,11,3.8,0.0,2.5,,3.0,1.0,,https://www.vivino.com/GB/en/laurent-miquel-cazal-viel-grande-selection-albarino-languedoc-roussillon/w/9445402
9453587,Quail Hollow Winemaker's Reserve Cabernet Sauvignon,Winemaker's Reserve Cabernet Sauvignon,1,Red Wine,North Coast,Quail Hollow,California,United States,28,3.8,0.0,3.4089472,,4.2080703,1.8373684,2.8380702,https://www.vivino.com/GB/en/quail-hollow-winemaker-s-reserve-cabernet-sauvignon/w/9453587
9415734,Jean-Claude Boisset Mâcon-Igé Sous La Roche,Mâcon-Igé Sous La Roche,2,White Wine,Mâcon-Igé,Jean-Claude Boisset,Bourgogne,France,25,3.9,0.0,2.5,,3.0,1.0,,https://www.vivino.com/GB/en/jean-claude-boisset-macon-ige-sous-la-roche-macon-ige/w/9415734
9416235,Antodie Viognier,Viognier,2,White Wine,Pays d'Oc,Antodie,Pays d'Oc,France,207,3.6,0.0,2.0376923,,3.5,2.6241758,,https://www.vivino.com/GB/en/antodie-viognier/w/9416235
